<?xml version="1.0" encoding="UTF-8"?>
<SyncReleaseOrderMsg xmlns:xsi="http://www.w3.org/2001/XMLSchema-instance" xsi:schemaLocation="ikea.com/som.isom.ReleaseOrder/SyncReleaseOrder/V3/ som.isom.ReleaseOrder.SyncReleaseOrder.xsd" xmlns:ns1="http://xmlns.oracle.com/pcbpel/adapter/jms/release-order-sca/CreateReleaseOrderCWISProducer/CreateReleaseOrderCWISProducer" xmlns="ikea.com/som.isom.ReleaseOrder/SyncReleaseOrder/V3/" xmlns:oraxsl="http://www.oracle.com/XSL/Transform/java" xmlns:oracle-xsl-mapper="http://www.oracle.com/xsl/mapper/schemas">
  <MsgHeader>
    <MessageReference>ID:895998.1569803291570.0</MessageReference>
    <MessageName>SyncReleaseOrder</MessageName>
    <MessageVersNo>0310</MessageVersNo>
    <MessageSRC>ISOM</MessageSRC>
    <MessageDateTime>2019-09-30T00:28:11.000+00:00</MessageDateTime>
    <MessageDateIIP>2019-09-30T00:28:11.677+00:00</MessageDateIIP>
  </MsgHeader>
  <MsgBody>
    <SyncReleaseOrder>
      <ReleaseOrder>
        <TransactionDateTime>2019-09-30T00:28:11.000+00:00</TransactionDateTime>
        <BusinessUnitCodeLU>033</BusinessUnitCodeLU>
        <BusinessUnitTypeLU>CDC</BusinessUnitTypeLU>
        <OrderSource>ISOM</OrderSource>
        <ReceivingBusinessUnit>
          <ReceivingBusinessUnitCode>1169</ReceivingBusinessUnitCode>
          <ReceivingBusinessUnitType>LSC</ReceivingBusinessUnitType>
          <ReceivingBusinessUnitAddressSeq>1</ReceivingBusinessUnitAddressSeq>
        </ReceivingBusinessUnit>
        <RequiredShipDateTime>2019-10-21T01:00:00.000+00:00</RequiredShipDateTime>
        <ReceivingHomeShoppingUnit>
          <ReceivingHomeShoppingCode>814</ReceivingHomeShoppingCode>
          <ReceivingHomeShoppingType>STO</ReceivingHomeShoppingType>
        </ReceivingHomeShoppingUnit>
        <WorkOrderReference>30409</WorkOrderReference>
        <TransportMethod>TRUCK</TransportMethod>
        <TransportNetworkIndicator>I</TransportNetworkIndicator>
        <OriginalOrderReference>20909</OriginalOrderReference>
        <OriginalSalesOrderReference>521958609</OriginalSalesOrderReference>
        <ReceiverName>RKR RRR</ReceiverName>
        <ReceiverAddress1>asfg</ReceiverAddress1>
        <ReceiverCity>-</ReceiverCity>
        <ReceiverZipCode>63020</ReceiverZipCode>
        <ReceiverState>-</ReceiverState>
        <ReceiverCountry>KR</ReceiverCountry>
        <MinorQtyAllowed>Y</MinorQtyAllowed>
        <PreferredLanguageOfReceiver>en</PreferredLanguageOfReceiver>
        <IsBusinessCustomer>N</IsBusinessCustomer>
        <PaymentOption>CASH</PaymentOption>
        <ReleaseOrderLineList>
          <ReleaseOrderLine>
            <ReleaseOrderLineId>4</ReleaseOrderLineId>
            <ItemNo>90254224</ItemNo>
            <ItemType>ART</ItemType>
            <RequestedQuantity>1.00</RequestedQuantity>
            <UoMCode>PCS</UoMCode>
            <OrderLineSourceReferenceList>
              <OrderLineSourceReference>
                <KeySequence>1</KeySequence>
                <KeyName>PrimeLineNo</KeyName>
                <KeyValue>4</KeyValue>
              </OrderLineSourceReference>
              <OrderLineSourceReference>
                <KeySequence>2</KeySequence>
                <KeyName>OrderLineKey</KeyName>
                <KeyValue>2019093000273594084740</KeyValue>
              </OrderLineSourceReference>
            </OrderLineSourceReferenceList>
          </ReleaseOrderLine>
        </ReleaseOrderLineList>
        <OrderSourceReferenceList>
          <OrderSourceReference>
            <KeySequence>1</KeySequence>
            <KeyName>ShipAdviceNo</KeyName>
            <KeyValue>20821</KeyValue>
          </OrderSourceReference>
          <OrderSourceReference>
            <KeySequence>2</KeySequence>
            <KeyName>ReleaseNo</KeyName>
            <KeyValue>1</KeyValue>
          </OrderSourceReference>
        </OrderSourceReferenceList>
      </ReleaseOrder>
    </SyncReleaseOrder>
  </MsgBody>
</SyncReleaseOrderMsg>