<?xml version="1.0" encoding="UTF-8"?>
<SyncReleaseOrderMsg xmlns:xsi="http://www.w3.org/2001/XMLSchema-instance" xsi:schemaLocation="ikea.com/som.isom.ReleaseOrder/SyncReleaseOrder/V3/ som.isom.ReleaseOrder.SyncReleaseOrder.xsd" xmlns:ns1="http://xmlns.oracle.com/pcbpel/adapter/jms/release-order-sca/CreateReleaseOrderCWISProducer/CreateReleaseOrderCWISProducer" xmlns="ikea.com/som.isom.ReleaseOrder/SyncReleaseOrder/V3/" xmlns:oraxsl="http://www.oracle.com/XSL/Transform/java" xmlns:oracle-xsl-mapper="http://www.oracle.com/xsl/mapper/schemas">
  <MsgHeader>
    <MessageReference>ID:588791.1572438824987.0</MessageReference>
    <MessageName>SyncReleaseOrder</MessageName>
    <MessageVersNo>0310</MessageVersNo>
    <MessageSRC>ISOM</MessageSRC>
    <MessageDateTime>2019-10-30T12:33:44.000+00:00</MessageDateTime>
    <MessageDateIIP>2019-10-30T12:33:45.082+00:00</MessageDateIIP>
  </MsgHeader>
  <MsgBody>
    <SyncReleaseOrder>
      <ReleaseOrder>
        <TransactionDateTime>2019-10-30T12:33:44.000+00:00</TransactionDateTime>
        <BusinessUnitCodeLU>037</BusinessUnitCodeLU>
        <BusinessUnitTypeLU>CDC</BusinessUnitTypeLU>
        <OrderSource>ISOM</OrderSource>
        <ReceivingBusinessUnit>
          <ReceivingBusinessUnitCode>1313</ReceivingBusinessUnitCode>
          <ReceivingBusinessUnitType>LSC</ReceivingBusinessUnitType>
          <ReceivingBusinessUnitAddressSeq>1</ReceivingBusinessUnitAddressSeq>
        </ReceivingBusinessUnit>
        <RequiredShipDateTime>2019-10-31T08:00:00.000+00:00</RequiredShipDateTime>
        <ReceivingHomeShoppingUnit>
          <ReceivingHomeShoppingCode>819</ReceivingHomeShoppingCode>
          <ReceivingHomeShoppingType>STO</ReceivingHomeShoppingType>
        </ReceivingHomeShoppingUnit>
        <WorkOrderReference>13980</WorkOrderReference>
        <TransportMethod>PARCEL</TransportMethod>
        <TransportNetworkIndicator>I</TransportNetworkIndicator>
        <OriginalOrderReference>6743</OriginalOrderReference>
        <OriginalSalesOrderReference>100099912</OriginalSalesOrderReference>
        <ReceiverName>RKR RRR</ReceiverName>
        <ReceiverAddress1>asfg</ReceiverAddress1>
        <ReceiverCity>Baqiaolong</ReceiverCity>
        <ReceiverZipCode>200042</ReceiverZipCode>
        <ReceiverState>Baqiaolong</ReceiverState>
        <ReceiverCountry>CN</ReceiverCountry>
        <MinorQtyAllowed>Y</MinorQtyAllowed>
        <PreferredLanguageOfReceiver>en</PreferredLanguageOfReceiver>
        <IsBusinessCustomer>N</IsBusinessCustomer>
        <ReleaseOrderLineList>
          <ReleaseOrderLine>
            <ReleaseOrderLineId>4</ReleaseOrderLineId>
            <ItemNo>00404001</ItemNo>
            <ItemType>ART</ItemType>
            <RequestedQuantity>1.00</RequestedQuantity>
            <UoMCode>PCS</UoMCode>
            <OrderLineSourceReferenceList>
              <OrderLineSourceReference>
                <KeySequence>1</KeySequence>
                <KeyName>PrimeLineNo</KeyName>
                <KeyValue>4</KeyValue>
              </OrderLineSourceReference>
              <OrderLineSourceReference>
                <KeySequence>2</KeySequence>
                <KeyName>OrderLineKey</KeyName>
                <KeyValue>20191030123245122282181</KeyValue>
              </OrderLineSourceReference>
            </OrderLineSourceReferenceList>
          </ReleaseOrderLine>
          <ReleaseOrderLine>
            <ReleaseOrderLineId>3</ReleaseOrderLineId>
            <ItemNo>20161233</ItemNo>
            <ItemType>ART</ItemType>
            <RequestedQuantity>1.00</RequestedQuantity>
            <UoMCode>PCS</UoMCode>
            <OrderLineSourceReferenceList>
              <OrderLineSourceReference>
                <KeySequence>1</KeySequence>
                <KeyName>PrimeLineNo</KeyName>
                <KeyValue>3</KeyValue>
              </OrderLineSourceReference>
              <OrderLineSourceReference>
                <KeySequence>2</KeySequence>
                <KeyName>OrderLineKey</KeyName>
                <KeyValue>20191030123245122282180</KeyValue>
              </OrderLineSourceReference>
            </OrderLineSourceReferenceList>
          </ReleaseOrderLine>
        </ReleaseOrderLineList>
        <OrderSourceReferenceList>
          <OrderSourceReference>
            <KeySequence>1</KeySequence>
            <KeyName>ShipAdviceNo</KeyName>
            <KeyValue>6743</KeyValue>
          </OrderSourceReference>
          <OrderSourceReference>
            <KeySequence>2</KeySequence>
            <KeyName>ReleaseNo</KeyName>
            <KeyValue>1</KeyValue>
          </OrderSourceReference>
        </OrderSourceReferenceList>
      </ReleaseOrder>
    </SyncReleaseOrder>
  </MsgBody>
</SyncReleaseOrderMsg>
